e2ef8d0d;Ahlescrocodiles.mp3
d62caa1a;Bateau-sur-leau.mp3
d674101e;Dans-sa-maison-un-grand-cerf.mp3
d6bfc61a;GerardDaltonlasorciereGrabouilla.mp3
62262d95;LuisFonsi-Despacitoft.DaddyYankee.mp3
e695c41a;PeppaPigFrancais-BingBongZoo.mp3
9de3a67f;Les-petites-princesses-du-monde.mp3
ffd80507;Paw-Patrol-la-Pat-Patrouille-Generique.mp3
faf430fe;cest-la-baleine.mp3
2aa631fe;Promenons-nousdanslesbois.mp3
9fca0307;un-ptit-crabe.mp3
cf050507;la-famille-Tortue.mp3
0f4d0d07;une-Souris-Verte.mp3
fa3adbfc;un-elephant-qui-se-balancait.mp3
8aa631fe;mon-petit-lapin.mp3
5ac7defc;casse-noisette-Marche.mp3
646f9493;I-Say-Disco-You-Say-Party.mp3
4d50a67f;Manu_Chao_Me_Gustas_Tu.mp3
3aaad8fc;manu_chao_je_ne_t_aime_plus.mp3
adf99e7f;pluie.mp3
bd529d7f;flic-flac.mp3
aa7c27fe;flic-flac-titounis.mp3
6a2126fe;mon_petit_lapin_a_bien_du_chagrin.mp3
